{
  "seed_version": 1,
  "source_gguf": "D:/shimmy-test-models/gguf_collection/Qwen/Qwen3-0.6B/qwen3-0.6b-q4_k_m.gguf",
  "generated_at": "2026-07-20T19:29:10.837656400+00:00",
  "model": {
    "name": "Qwen3-0.6B",
    "gguf_filename": "qwen3-0.6b-q4_k_m.gguf",
    "arch": "qwen3",
    "quant": "unknown",
    "n_layers": 28,
    "n_heads": 16,
    "n_heads_kv": 8,
    "head_dim": 128,
    "n_embd": 1024,
    "ff_dim": 3072,
    "n_vocab": 151936,
    "n_ctx": 40960,
    "rope_base": 1000000.0,
    "rope_scale": 1.0,
    "rope_dim": 64,
    "rms_eps": 0.000001,
    "has_qk_norm": true,
    "attn_logit_softcap": 0.0,
    "final_logit_softcap": 0.0,
    "gguf_path": "D:/shimmy-test-models/gguf_collection/Qwen/Qwen3-0.6B/qwen3-0.6b-q4_k_m.gguf",
    "file_size_bytes": 396705472
  },
  "oracles": [
    {
      "layer_idx": 0,
      "operation": "layer_output",
      "position": 1,
      "input_token_id": 15043,
      "rms": 0.2492378,
      "first20": [
        -0.6620934,
        0.56905746,
        -0.07667835,
        -0.23996922,
        0.3036685,
        -0.23167264,
        0.13155766,
        -0.16757515,
        0.20153001,
        0.35151413,
        -0.056203898,
        0.20774125,
        0.17132682,
        -0.07704755,
        -0.04191258,
        -0.012953758,
        -0.6754829,
        0.22386125,
        -0.12379995,
        0.20512225
      ],
      "checksum": 2139046178507
    },
    {
      "layer_idx": 1,
      "operation": "layer_output",
      "position": 1,
      "input_token_id": 15043,
      "rms": 0.38222095,
      "first20": [
        -1.087733,
        0.9822893,
        -0.30013156,
        -0.8658426,
        0.3377749,
        -0.045727,
        0.35514337,
        -0.16215307,
        0.3818435,
        0.49418718,
        -0.5008025,
        -0.14238009,
        0.4221386,
        -1.1978924,
        0.15100925,
        -0.5034756,
        -1.0360858,
        0.36072284,
        0.07997237,
        0.17754407
      ],
      "checksum": 2160151086756
    },
    {
      "layer_idx": 2,
      "operation": "layer_output",
      "position": 1,
      "input_token_id": 15043,
      "rms": 0.46615586,
      "first20": [
        -0.4978729,
        1.2515017,
        -0.17934553,
        -0.9302226,
        0.49935502,
        -0.53104293,
        0.92143965,
        0.15983814,
        0.5147718,
        0.5820776,
        -0.83742183,
        -0.18237695,
        -0.32708007,
        -1.0330398,
        -0.18220687,
        -0.92251915,
        -1.890445,
        0.47207373,
        0.78088593,
        -0.05962573
      ],
      "checksum": 2145711356664
    },
    {
      "layer_idx": 3,
      "operation": "layer_output",
      "position": 1,
      "input_token_id": 15043,
      "rms": 0.56181324,
      "first20": [
        -0.78041714,
        1.2764697,
        -0.0121717155,
        -1.1272795,
        0.6247448,
        0.33536923,
        1.1466038,
        0.09473739,
        0.8537234,
        0.7822163,
        -1.2305789,
        -0.06621733,
        -0.7020549,
        -1.5014815,
        -0.0015844554,
        -0.51755816,
        -2.3430567,
        0.48507753,
        1.0938286,
        -0.058875866
      ],
      "checksum": 2146896328296
    },
    {
      "layer_idx": 4,
      "operation": "layer_output",
      "position": 1,
      "input_token_id": 15043,
      "rms": 0.6680208,
      "first20": [
        -1.0242968,
        1.4125094,
        0.11986556,
        -1.2013378,
        1.1521254,
        0.21145368,
        1.3239139,
        0.44057536,
        1.1385348,
        1.1514465,
        -1.3485646,
        -0.00798412,
        -0.68046266,
        -1.5969509,
        -0.30547914,
        -0.1474018,
        -2.919586,
        0.23286626,
        1.4643947,
        0.16386667
      ],
      "checksum": 2157617412058
    },
    {
      "layer_idx": 5,
      "operation": "layer_output",
      "position": 1,
      "input_token_id": 15043,
      "rms": 0.8447084,
      "first20": [
        -0.40444922,
        2.3873193,
        -0.15365657,
        -1.700535,
        1.5697981,
        0.48810416,
        1.2022324,
        0.42077738,
        1.5939653,
        1.1600095,
        -1.3881809,
        -0.79480016,
        -0.75851727,
        -2.6637182,
        -1.0447854,
        -1.1692017,
        -3.4392564,
        0.43907988,
        1.9126365,
        -0.48355752
      ],
      "checksum": 2151202058893
    },
    {
      "layer_idx": 6,
      "operation": "layer_output",
      "position": 1,
      "input_token_id": 15043,
      "rms": 0.8596203,
      "first20": [
        -0.34826523,
        2.550792,
        0.21454962,
        -1.918637,
        1.3811411,
        0.35591584,
        1.4095831,
        0.41941,
        0.87830573,
        1.3161914,
        -1.395212,
        -0.6611377,
        -0.9082175,
        -2.8120644,
        -0.7212291,
        -1.2792739,
        -3.5433693,
        0.66969013,
        2.2633293,
        -0.57532156
      ],
      "checksum": 2214703927248
    },
    {
      "layer_idx": 7,
      "operation": "layer_output",
      "position": 1,
      "input_token_id": 15043,
      "rms": 0.9716764,
      "first20": [
        -0.2741946,
        3.2386675,
        0.106764354,
        -1.3584521,
        1.6041272,
        0.263609,
        1.614655,
        0.6681294,
        1.1374748,
        1.4066498,
        -2.0226371,
        -0.7656095,
        -0.7843033,
        -3.591276,
        -1.6870307,
        -1.4540207,
        -4.09607,
        0.99509996,
        2.821041,
        -0.6274544
      ],
      "checksum": 2211284804792
    },
    {
      "layer_idx": 8,
      "operation": "layer_output",
      "position": 1,
      "input_token_id": 15043,
      "rms": 0.98856634,
      "first20": [
        -0.11427975,
        3.939395,
        0.34871393,
        -1.3329521,
        1.3953742,
        0.017612942,
        1.6344484,
        0.7353585,
        1.2505457,
        1.1792086,
        -1.8858938,
        -0.9667084,
        -1.0151627,
        -3.9632635,
        -1.6197346,
        -1.3175213,
        -4.0946136,
        1.0554025,
        3.4443865,
        -0.8454883
      ],
      "checksum": 2154657420636
    },
    {
      "layer_idx": 9,
      "operation": "layer_output",
      "position": 1,
      "input_token_id": 15043,
      "rms": 1.0715978,
      "first20": [
        0.38362068,
        4.291153,
        0.33936802,
        -1.3082348,
        1.8609773,
        0.28239492,
        1.7453947,
        0.8258964,
        1.5230273,
        1.828351,
        -2.1168501,
        -0.88011265,
        -1.4840689,
        -4.1809306,
        -1.9148446,
        -1.0632094,
        -4.4969163,
        1.3431671,
        4.3294873,
        -0.7970706
      ],
      "checksum": 2196436754205
    },
    {
      "layer_idx": 10,
      "operation": "layer_output",
      "position": 1,
      "input_token_id": 15043,
      "rms": 1.2438158,
      "first20": [
        1.1510704,
        4.5514073,
        0.77577806,
        -0.9206345,
        1.9382229,
        0.61012864,
        2.2679517,
        0.7004717,
        1.2782725,
        2.3537822,
        -2.4654202,
        -1.2291164,
        -1.9667382,
        -5.21091,
        -2.5861063,
        -1.1349907,
        -4.6617594,
        1.5886143,
        5.182752,
        -1.348494
      ],
      "checksum": 2190525451054
    },
    {
      "layer_idx": 11,
      "operation": "layer_output",
      "position": 1,
      "input_token_id": 15043,
      "rms": 1.5102841,
      "first20": [
        0.7747461,
        4.8014994,
        0.40101743,
        -1.7520492,
        1.476097,
        0.35665047,
        2.3245885,
        0.5334346,
        0.94439304,
        3.0246065,
        -3.0327773,
        -1.4031194,
        -2.2667665,
        -5.8115053,
        -3.156693,
        -1.1115396,
        -4.6421976,
        1.708586,
        5.8183184,
        -1.9848005
      ],