{
  "seed_version": 1,
  "source_gguf": "D:/shimmy-test-models/gguf_collection\\Llama-3.2-1B-Instruct-Q4_K_M.gguf",
  "generated_at": "2026-06-13T17:17:55.770303+00:00",
  "model": {
    "name": "Llama 3.2 1B Instruct",
    "gguf_filename": "Llama-3.2-1B-Instruct-Q4_K_M.gguf",
    "arch": "llama",
    "quant": "q4_k_m",
    "n_layers": 16,
    "n_heads": 32,
    "n_heads_kv": 8,
    "head_dim": 64,
    "n_embd": 2048,
    "ff_dim": 8192,
    "n_vocab": 128256,
    "n_ctx": 131072,
    "rope_base": 500000.0,
    "rope_scale": 1.0,
    "rope_dim": 64,
    "rms_eps": 1e-05,
    "has_qk_norm": false,
    "attn_logit_softcap": 0.0,
    "final_logit_softcap": 0.0,
    "gguf_path": "D:/shimmy-test-models/gguf_collection\\Llama-3.2-1B-Instruct-Q4_K_M.gguf",
    "file_size_bytes": 807694464
  },
  "oracles": [
    {
      "layer_idx": 0,
      "operation": "layer_output",
      "position": 1,
      "input_token_id": 15043,
      "rms": 0.04469425,
      "first20": [
        -0.00773458,
        0.015211091,
        0.0042864205,
        -0.020845162,
        -0.020464007,
        -0.057468455,
        -0.009340963,
        0.059996977,
        0.053665765,
        -0.021302221,
        -0.029427268,
        0.016345028,
        0.012516459,
        -0.07273498,
        0.016293775,
        0.028162457,
        0.04076646,
        0.05856921,
        0.093782224,
        -0.027578082
      ],
      "checksum": 4344210860183
    },
    {
      "layer_idx": 1,
      "operation": "layer_output",
      "position": 1,
      "input_token_id": 15043,
      "rms": 0.054530714,
      "first20": [
        -0.013205164,
        -0.0053379834,
        -0.0032243393,
        -0.00718249,
        0.0010828897,
        -0.0500421,
        0.014790025,
        0.0076608844,
        0.0569454,
        0.04229001,
        -0.01877409,
        0.02450955,
        0.04066726,
        -0.074639596,
        -0.040187042,
        0.05615997,
        0.045554336,
        -0.0049869455,
        0.06729446,
        0.008499255
      ],
      "checksum": 4283523249208
    },
    {
      "layer_idx": 2,
      "operation": "layer_output",
      "position": 1,
      "input_token_id": 15043,
      "rms": 0.07673875,
      "first20": [
        0.08553043,
        -0.061575998,
        0.030205926,
        0.017001038,
        0.010722696,
        0.011837155,
        -0.04510393,
        -0.12212006,
        0.049970515,
        0.066698015,
        -0.04296393,
        0.053583845,
        0.12337027,
        -0.08850092,
        -0.08112351,
        0.07953443,
        0.0023838244,
        0.0562457,
        0.060832754,
        0.07129747
      ],
      "checksum": 4353039143436
    },
    {
      "layer_idx": 3,
      "operation": "layer_output",
      "position": 1,
      "input_token_id": 15043,
      "rms": 0.08595105,
      "first20": [
        0.062120244,
        -0.13654238,
        0.012997257,
        -0.027352706,
        0.058540244,
        0.051184192,
        -0.026645198,
        -0.08886762,
        0.012680875,
        0.12851954,
        0.042041194,
        0.00190451,
        0.046310954,
        -0.0023281723,
        -0.012194883,
        0.1301329,
        -0.036792573,
        0.055732265,
        0.10019383,
        0.013280315
      ],
      "checksum": 4312596008312
    },
    {
      "layer_idx": 4,
      "operation": "layer_output",
      "position": 1,
      "input_token_id": 15043,
      "rms": 0.09421992,
      "first20": [
        0.035129566,
        -0.18418661,
        0.029132713,
        0.0029367928,
        0.011701532,
        0.033129618,
        -0.12583137,
        -0.11648752,
        0.10269431,
        0.078318745,
        0.09915608,
        0.062466044,
        0.049237415,
        -0.027246384,
        -0.10340992,
        0.063637264,
        -0.13961664,
        -0.048845857,
        0.056483157,
        0.1177796
      ],
      "checksum": 4279654323204
    },
    {
      "layer_idx": 5,
      "operation": "layer_output",
      "position": 1,
      "input_token_id": 15043,
      "rms": 0.11089155,
      "first20": [
        -0.024684327,
        -0.1862406,
        0.03825195,
        -0.017522197,
        -0.021299157,
        0.04915999,
        -0.060925093,
        -0.14715828,
        0.069898844,
        0.056633893,
        0.19118059,
        0.09916939,
        -0.079029016,
        -0.0023763627,
        0.04719177,
        -0.0617057,
        -0.06599329,
        -0.23191854,
        -0.0055956542,
        0.14045066
      ],
      "checksum": 4286479943381
    },
    {
      "layer_idx": 6,
      "operation": "layer_output",
      "position": 1,
      "input_token_id": 15043,
      "rms": 0.11180883,
      "first20": [
        -0.013635829,
        -0.14182459,
        0.041861314,
        0.04702856,
        -0.01612166,
        -0.06979546,
        -0.07026937,
        0.0015212148,
        0.033969488,
        0.0034979433,
        0.17991164,
        0.040198974,
        -0.060495205,
        -0.04199497,
        -0.02822936,
        -0.08654141,
        0.015809879,
        -0.25047335,
        -0.00320586,
        0.15821564
      ],
      "checksum": 4298301715257
    },
    {
      "layer_idx": 7,
      "operation": "layer_output",
      "position": 1,
      "input_token_id": 15043,
      "rms": 0.120646015,
      "first20": [
        -0.014285828,
        -0.08055479,
        0.094028875,
        -0.002143301,
        0.060011327,
        -0.08722827,
        -0.045978766,
        -0.06443216,
        0.016575972,
        0.025280029,
        0.096458495,
        0.006418161,
        -0.010750063,
        -0.03862266,
        0.047996853,
        -0.08790816,
        0.015770804,
        -0.28185055,
        -0.0062053744,
        0.22413206
      ],
      "checksum": 4262229006035
    },
    {
      "layer_idx": 8,
      "operation": "layer_output",
      "position": 1,
      "input_token_id": 15043,
      "rms": 0.12782133,
      "first20": [
        -0.009927981,
        -0.12767926,
        0.099006824,
        -0.0069633974,
        0.07510802,
        -0.13086429,
        0.033256892,
        -0.08505707,
        -0.11204676,
        -0.014404401,
        0.13283923,
        0.03821441,
        -0.022004202,
        -0.08109543,
        0.09131338,
        -0.10013422,
        0.06837854,
        -0.24950197,
        -0.057101198,
        0.11147726
      ],
      "checksum": 4258873657205
    },
    {
      "layer_idx": 9,
      "operation": "layer_output",
      "position": 1,
      "input_token_id": 15043,
      "rms": 0.1529898,
      "first20": [
        -0.0759292,
        -0.14427546,
        0.09183384,
        -0.040449362,
        0.021481935,
        -0.1292334,
        0.14725086,
        -0.05825335,
        -0.12763053,
        -0.06095256,
        0.026436917,
        0.1504528,
        -0.046857975,
        -0.21516484,
        0.08382882,
        0.06274776,
        0.11154693,
        -0.42160925,
        -0.009319536,
        0.03356927
      ],
      "checksum": 4295178242437
    },
    {
      "layer_idx": 10,
      "operation": "layer_output",
      "position": 1,
      "input_token_id": 15043,
      "rms": 0.18886705,