{
  "seed_version": 1,
  "source_gguf": "D:/shimmy-test-models/gguf_collection\\Llama-3.2-1B-Instruct-Q6_K.gguf",
  "generated_at": "2026-06-13T17:18:01.641148700+00:00",
  "model": {
    "name": "Llama 3.2 1B Instruct",
    "gguf_filename": "Llama-3.2-1B-Instruct-Q6_K.gguf",
    "arch": "llama",
    "quant": "q6_k",
    "n_layers": 16,
    "n_heads": 32,
    "n_heads_kv": 8,
    "head_dim": 64,
    "n_embd": 2048,
    "ff_dim": 8192,
    "n_vocab": 128256,
    "n_ctx": 131072,
    "rope_base": 500000.0,
    "rope_scale": 1.0,
    "rope_dim": 64,
    "rms_eps": 1e-05,
    "has_qk_norm": false,
    "attn_logit_softcap": 0.0,
    "final_logit_softcap": 0.0,
    "gguf_path": "D:/shimmy-test-models/gguf_collection\\Llama-3.2-1B-Instruct-Q6_K.gguf",
    "file_size_bytes": 1021800576
  },
  "oracles": [
    {
      "layer_idx": 0,
      "operation": "layer_output",
      "position": 1,
      "input_token_id": 15043,
      "rms": 0.044914395,
      "first20": [
        -0.0064483276,
        0.0140301315,
        0.013998667,
        -0.017568998,
        -0.019052625,
        -0.056094013,
        -0.013567291,
        0.05876957,
        0.054541316,
        -0.018010998,
        -0.032775044,
        0.012601977,
        0.0115268305,
        -0.070211545,
        0.015199728,
        0.024630938,
        0.04285448,
        0.059111904,
        0.09260083,
        -0.020491142
      ],
      "checksum": 4341678895488
    },
    {
      "layer_idx": 1,
      "operation": "layer_output",
      "position": 1,
      "input_token_id": 15043,
      "rms": 0.05470571,
      "first20": [
        -0.014920565,
        -0.0042021982,
        0.008476719,
        -0.020091128,
        0.003583962,
        -0.04990486,
        0.008011604,
        0.013353441,
        0.054971095,
        0.043105103,
        -0.0280786,
        0.008703599,
        0.03610242,
        -0.078285985,
        -0.021826122,
        0.05325738,
        0.051232006,
        0.0018398799,
        0.06491332,
        0.0112220645
      ],
      "checksum": 4295384980733
    },
    {
      "layer_idx": 2,
      "operation": "layer_output",
      "position": 1,
      "input_token_id": 15043,
      "rms": 0.07730419,
      "first20": [
        0.076898485,
        -0.066421285,
        0.043115795,
        0.0064677782,
        0.026939109,
        0.01600885,
        -0.081690915,
        -0.1079937,
        0.060499825,
        0.057089895,
        -0.03928045,
        0.050969876,
        0.11657607,
        -0.07661693,
        -0.06075734,
        0.0660985,
        0.013521002,
        0.06879474,
        0.056280203,
        0.115315236
      ],
      "checksum": 4348647871848
    },
    {
      "layer_idx": 3,
      "operation": "layer_output",
      "position": 1,
      "input_token_id": 15043,
      "rms": 0.08648484,
      "first20": [
        0.064638525,
        -0.13423039,
        0.018351616,
        -0.04642317,
        0.07645992,
        0.045969427,
        -0.049864642,
        -0.0620725,
        0.034555383,
        0.104498185,
        0.04303354,
        -0.009526035,
        0.02914609,
        0.0111979395,
        0.007679768,
        0.09972477,
        -0.01399194,
        0.047132492,
        0.0957686,
        0.0590099
      ],
      "checksum": 4301335440084
    },
    {
      "layer_idx": 4,
      "operation": "layer_output",
      "position": 1,
      "input_token_id": 15043,
      "rms": 0.09684694,
      "first20": [
        0.046921715,
        -0.21501556,
        0.04257931,
        0.024604749,
        0.02474244,
        0.04640509,
        -0.13585126,
        -0.106362596,
        0.10691136,
        0.07242436,
        0.07410637,
        0.041166365,
        0.019716196,
        -0.028194096,
        -0.057318605,
        0.041293606,
        -0.100587614,
        -0.049070176,
        0.05128511,
        0.17643434
      ],
      "checksum": 4306179855230
    },
    {
      "layer_idx": 5,
      "operation": "layer_output",
      "position": 1,
      "input_token_id": 15043,
      "rms": 0.11713918,
      "first20": [
        0.0074320566,
        -0.21661896,
        0.064404026,
        -0.028017685,
        -0.027161203,
        0.053674154,
        -0.04128423,
        -0.1572463,
        0.094567426,
        0.06971285,
        0.18017006,
        0.06625183,
        -0.10646486,
        -0.0055557825,
        0.054695927,
        -0.07280764,
        -0.017683938,
        -0.2506243,
        0.0031628741,
        0.19502695
      ],
      "checksum": 4298088600672
    },
    {
      "layer_idx": 6,
      "operation": "layer_output",
      "position": 1,
      "input_token_id": 15043,
      "rms": 0.11479286,
      "first20": [
        -0.005999347,
        -0.17105341,
        0.07227635,
        0.06403457,
        -0.040191527,
        -0.04000166,
        -0.07705829,
        0.0014680028,
        0.05893433,
        0.0023348853,
        0.14856955,
        0.030311406,
        -0.056694467,
        -0.045784637,
        -0.025032341,
        -0.09308976,
        0.0541443,
        -0.25037494,
        -0.007710889,
        0.18586355
      ],
      "checksum": 4346173695566
    },
    {
      "layer_idx": 7,
      "operation": "layer_output",
      "position": 1,
      "input_token_id": 15043,
      "rms": 0.12274203,
      "first20": [
        0.02126425,
        -0.1151758,
        0.122800395,
        0.0296797,
        0.045069806,
        -0.071110554,
        -0.040624242,
        -0.08097018,
        0.056983273,
        -0.0031587072,
        0.06830082,
        -0.010601433,
        -0.013568461,
        -0.018102854,
        0.06524248,
        -0.10578451,
        0.044218257,
        -0.29553765,
        -0.004402156,
        0.2527389
      ],
      "checksum": 4316665603699
    },
    {
      "layer_idx": 8,
      "operation": "layer_output",
      "position": 1,
      "input_token_id": 15043,
      "rms": 0.13110434,
      "first20": [
        0.018869158,
        -0.16101956,
        0.10675137,
        -0.013913065,
        0.030682012,
        -0.11118902,
        0.014486745,
        -0.10590423,
        -0.07333481,
        -0.039655343,
        0.11988931,
        0.041757822,
        -0.010955654,
        -0.09899366,
        0.09794036,
        -0.098137215,
        0.09098473,
        -0.2633847,
        -0.03263276,
        0.12315337
      ],
      "checksum": 4321907297525
    },
    {
      "layer_idx": 9,
      "operation": "layer_output",
      "position": 1,
      "input_token_id": 15043,
      "rms": 0.15545453,
      "first20": [
        -0.055593245,
        -0.17504576,
        0.11700684,
        -0.032700885,
        0.03148643,
        -0.12973753,
        0.13042739,
        -0.038319394,
        -0.08535614,
        -0.050179504,
        0.020209096,
        0.13468501,
        -0.042665396,
        -0.16006395,
        0.11907481,
        0.06776416,
        0.14867154,
        -0.43356705,
        -0.0053390316,
        0.033400252
      ],
      "checksum": 4306739019662
    },
    {
      "layer_idx": 10,
      "operation": "layer_output",
      "position": 1,
      "input_token_id": 15043,
      "rms": 0.18967646,