{
  "seed_version": 1,
  "source_gguf": "D:/shimmy-test-models/gguf_collection\\Llama-3.2-3B-Instruct-Q4_K_M.gguf",
  "generated_at": "2026-06-13T17:18:20.083948800+00:00",
  "model": {
    "name": "Llama 3.2 3B Instruct",
    "gguf_filename": "Llama-3.2-3B-Instruct-Q4_K_M.gguf",
    "arch": "llama",
    "quant": "q4_k_m",
    "n_layers": 28,
    "n_heads": 24,
    "n_heads_kv": 8,
    "head_dim": 128,
    "n_embd": 3072,
    "ff_dim": 8192,
    "n_vocab": 128256,
    "n_ctx": 131072,
    "rope_base": 500000.0,
    "rope_scale": 1.0,
    "rope_dim": 128,
    "rms_eps": 1e-05,
    "has_qk_norm": false,
    "attn_logit_softcap": 0.0,
    "final_logit_softcap": 0.0,
    "gguf_path": "D:/shimmy-test-models/gguf_collection\\Llama-3.2-3B-Instruct-Q4_K_M.gguf",
    "file_size_bytes": 2019377696
  },
  "oracles": [
    {
      "layer_idx": 0,
      "operation": "layer_output",
      "position": 1,
      "input_token_id": 15043,
      "rms": 0.040872175,
      "first20": [
        -0.008986613,
        -0.027645804,
        -0.07179873,
        -0.014372471,
        -0.032804668,
        0.020468969,
        -0.07295302,
        -0.0102817705,
        -0.006362699,
        0.026675917,
        -0.00016001984,
        0.0068259984,
        -0.013094658,
        0.021431934,
        0.04096435,
        0.03782217,
        -0.011109715,
        -0.037756264,
        0.13992107,
        0.002265988
      ],
      "checksum": 6418376806173
    },
    {
      "layer_idx": 1,
      "operation": "layer_output",
      "position": 1,
      "input_token_id": 15043,
      "rms": 0.049910273,
      "first20": [
        0.0031132395,
        0.03279481,
        -0.12731738,
        -0.016911305,
        -0.037467953,
        0.013168009,
        -0.042110354,
        -0.025200788,
        0.04070928,
        0.017603964,
        -0.014303628,
        0.017479636,
        0.0076615065,
        -0.04554683,
        0.0412651,
        0.05868313,
        -0.035704218,
        0.022465814,
        0.16056055,
        -0.045490786
      ],
      "checksum": 6495087231465
    },
    {
      "layer_idx": 2,
      "operation": "layer_output",
      "position": 1,
      "input_token_id": 15043,
      "rms": 0.061125558,
      "first20": [
        0.04770927,
        0.016302422,
        -0.16154277,
        -0.06516221,
        -0.039660554,
        0.007847165,
        0.00706638,
        -0.05503726,
        0.0638356,
        -0.0554516,
        -0.09196095,
        0.009610556,
        0.011784252,
        -0.06163601,
        0.094047345,
        0.08563822,
        -0.022289691,
        0.060566586,
        0.12909225,
        -0.051899407
      ],
      "checksum": 6445958522495
    },
    {
      "layer_idx": 3,
      "operation": "layer_output",
      "position": 1,
      "input_token_id": 15043,
      "rms": 0.07575341,
      "first20": [
        0.008898709,
        0.008278586,
        -0.15681942,
        -0.045083422,
        0.0076014083,
        -0.0051153395,
        -0.018826656,
        0.024295986,
        0.040360965,
        0.0013931468,
        -0.12409971,
        -0.014250202,
        0.011021039,
        -0.063423194,
        0.08596607,
        0.16105543,
        -0.0069000144,
        0.013606209,
        0.098371655,
        -0.045965575
      ],
      "checksum": 6463899238236
    },
    {
      "layer_idx": 4,
      "operation": "layer_output",
      "position": 1,
      "input_token_id": 15043,
      "rms": 0.08646621,
      "first20": [
        -0.085865065,
        -0.018122107,
        -0.1179711,
        -0.09687021,
        0.0146582555,
        0.047048487,
        0.014949592,
        0.011618491,
        0.0365294,
        0.022098053,
        -0.04711035,
        0.09002986,
        -0.020193951,
        -0.061532997,
        0.06552437,
        0.099912524,
        -0.00014737621,
        -0.045270503,
        0.09525654,
        -0.03803433
      ],
      "checksum": 6456435478588
    },
    {
      "layer_idx": 5,
      "operation": "layer_output",
      "position": 1,
      "input_token_id": 15043,
      "rms": 0.10357349,
      "first20": [
        -0.032041956,
        0.028226139,
        -0.14773473,
        -0.029992506,
        0.07946344,
        0.06346311,
        0.074994676,
        -0.032336902,
        0.094144486,
        -0.038951874,
        0.00043447688,
        0.07036391,
        -0.08036275,
        -0.07125571,
        -0.071752556,
        0.122670375,
        -0.011449063,
        0.0416374,
        0.060166314,
        -0.12432662
      ],
      "checksum": 6527998701926
    },
    {
      "layer_idx": 6,
      "operation": "layer_output",
      "position": 1,
      "input_token_id": 15043,
      "rms": 0.11773343,
      "first20": [
        -0.04675459,
        0.03158329,
        -0.14747302,
        -0.015105062,
        0.07682972,
        0.006364003,
        0.09213361,
        -0.09122692,
        0.12042976,
        0.10035412,
        -0.0359578,
        0.12389242,
        0.11187217,
        -0.038997583,
        -0.04893641,
        0.0902466,
        -0.032297917,
        -0.020139683,
        0.05435287,
        -0.189693
      ],
      "checksum": 6536146616277
    },
    {
      "layer_idx": 7,
      "operation": "layer_output",
      "position": 1,
      "input_token_id": 15043,
      "rms": 0.13317655,
      "first20": [
        0.051487003,
        0.041924044,
        -0.06519116,
        -0.04517629,
        0.038729418,
        0.025968209,
        0.045309644,
        -0.04515615,
        -0.0012020599,
        0.067351475,
        0.029253805,
        0.08493272,
        0.22525796,
        0.1302759,
        -0.040524267,
        0.13700904,
        0.027828874,
        0.05159504,
        0.33078676,
        -0.2258146
      ],
      "checksum": 6440294952966
    },
    {
      "layer_idx": 8,
      "operation": "layer_output",
      "position": 1,
      "input_token_id": 15043,
      "rms": 0.1463831,
      "first20": [
        0.07514972,
        -0.032817982,
        -0.08732712,
        -0.025094936,
        -0.025157586,
        0.0016258955,
        0.016691945,
        0.10257437,
        -0.040848996,
        0.018856071,
        0.065663986,
        0.044159852,
        0.20167212,
        0.17712384,
        -0.01000078,
        0.15645875,
        0.05319082,
        0.01999265,
        0.35052827,
        -0.24843761
      ],
      "checksum": 6420608637804
    },
    {
      "layer_idx": 9,
      "operation": "layer_output",
      "position": 1,
      "input_token_id": 15043,
      "rms": 0.14860182,
      "first20": [
        0.11454382,
        -0.02755478,
        -0.058830906,
        0.027746424,
        -0.010701455,
        -0.025252905,
        0.14898126,
        -0.010798603,
        0.03356719,
        -0.116312206,
        0.036190525,
        -0.032333497,
        0.21987677,
        -0.037219584,
        0.014071902,
        0.036683634,
        -0.021931583,
        0.026393894,
        0.4395152,
        -0.17806315
      ],
      "checksum": 6373327777853
    },
    {
      "layer_idx": 10,
      "operation": "layer_output",
      "position": 1,
      "input_token_id": 15043,
      "rms": 0.15228917,