{
  "seed_version": 1,
  "source_gguf": "D:/shimmy-test-models/gguf_collection\\qwen2-1_5b-instruct-q4_k_m.gguf",
  "generated_at": "2026-06-13T17:22:22.125416500+00:00",
  "model": {
    "name": "qwen2-1_5b-instruct",
    "gguf_filename": "qwen2-1_5b-instruct-q4_k_m.gguf",
    "arch": "qwen2",
    "quant": "q4_k_m",
    "n_layers": 28,
    "n_heads": 12,
    "n_heads_kv": 2,
    "head_dim": 128,
    "n_embd": 1536,
    "ff_dim": 8960,
    "n_vocab": 151936,
    "n_ctx": 32768,
    "rope_base": 1000000.0,
    "rope_scale": 1.0,
    "rope_dim": 128,
    "rms_eps": 1e-06,
    "has_qk_norm": false,
    "attn_logit_softcap": 0.0,
    "final_logit_softcap": 0.0,
    "gguf_path": "D:/shimmy-test-models/gguf_collection\\qwen2-1_5b-instruct-q4_k_m.gguf",
    "file_size_bytes": 986045824
  },
  "oracles": [
    {
      "layer_idx": 0,
      "operation": "layer_output",
      "position": 1,
      "input_token_id": 15043,
      "rms": 0.2717136,
      "first20": [
        0.018061448,
        -0.16956702,
        -0.24767426,
        0.42106444,
        -0.07736781,
        0.10354461,
        -0.40678734,
        0.47540468,
        -0.24014327,
        0.0673428,
        -0.016747504,
        0.10853227,
        -0.24691902,
        -0.10375212,
        0.063024335,
        0.2707795,
        -0.089878626,
        -0.13387857,
        0.11790765,
        -0.036368195
      ],
      "checksum": 3283760168764
    },
    {
      "layer_idx": 1,
      "operation": "layer_output",
      "position": 1,
      "input_token_id": 15043,
      "rms": 14.72488,
      "first20": [
        0.024623513,
        1.6159204,
        -0.47853044,
        0.6741788,
        0.003628768,
        0.4421989,
        -0.6595994,
        0.34689844,
        -0.797838,
        -0.312526,
        -0.26469213,
        -38.364483,
        0.48519206,
        0.51760405,
        0.43751812,
        -0.20333639,
        0.1418176,
        -0.4155125,
        1.5008343,
        -0.1011425
      ],
      "checksum": 3247826151503
    },
    {
      "layer_idx": 2,
      "operation": "layer_output",
      "position": 1,
      "input_token_id": 15043,
      "rms": 15.337975,
      "first20": [
        -0.0006365478,
        1.753295,
        0.27983463,
        0.29277432,
        -0.34652144,
        0.32696232,
        -1.2974881,
        0.06604889,
        -0.13020086,
        -0.35779265,
        -0.3566211,
        -40.19461,
        0.22668417,
        0.8847942,
        0.30421558,
        -0.522106,
        0.5568635,
        -0.7950249,
        1.3298869,
        0.48719
      ],
      "checksum": 3264152274522
    },
    {
      "layer_idx": 3,
      "operation": "layer_output",
      "position": 1,
      "input_token_id": 15043,
      "rms": 18.748247,
      "first20": [
        0.47573733,
        3.2868423,
        1.2615609,
        -0.08724281,
        -0.5176934,
        1.2495503,
        -1.7278676,
        -0.23792738,
        0.2339988,
        -0.29784656,
        -0.051053584,
        -50.3159,
        0.5533405,
        1.027669,
        1.028122,
        -0.84725845,
        1.2363846,
        -0.7378789,
        0.8451786,
        0.6169314
      ],
      "checksum": 3299094979502
    },
    {
      "layer_idx": 4,
      "operation": "layer_output",
      "position": 1,
      "input_token_id": 15043,
      "rms": 18.95082,
      "first20": [
        0.81185955,
        2.9503572,
        0.7793938,
        0.018494103,
        -0.46919966,
        1.2674271,
        -1.9165362,
        -0.20187289,
        0.16387174,
        -0.3339386,
        0.051133804,
        -51.730114,
        0.3994548,
        1.1313859,
        1.0386183,
        -0.7795331,
        1.278558,
        -0.86127186,
        0.8563938,
        0.43203557
      ],
      "checksum": 3295162116960
    },
    {
      "layer_idx": 5,
      "operation": "layer_output",
      "position": 1,
      "input_token_id": 15043,
      "rms": 19.1304,
      "first20": [
        1.1418811,
        2.98113,
        0.62341636,
        0.084776364,
        -0.62993044,
        0.8496064,
        -1.8776088,
        -0.12527612,
        0.13570833,
        -0.5330067,
        0.048670202,
        -52.508717,
        0.41244093,
        1.1628839,
        0.9768539,
        -0.7259007,
        1.2534789,
        -1.1285734,
        0.907297,
        0.38925353
      ],
      "checksum": 3299719989919
    },
    {
      "layer_idx": 6,
      "operation": "layer_output",
      "position": 1,
      "input_token_id": 15043,
      "rms": 19.22465,
      "first20": [
        1.079161,
        3.1400719,
        0.46352094,
        0.15115313,
        -0.44600546,
        0.61066353,
        -1.8967034,
        -0.11763957,
        0.019739822,
        -0.6101594,
        0.21738479,
        -52.966167,
        0.3758641,
        1.2734483,
        1.0319903,
        -0.86830413,
        1.3114887,
        -1.486161,
        1.0098945,
        0.55098575
      ],
      "checksum": 3268430314813
    },
    {
      "layer_idx": 7,
      "operation": "layer_output",
      "position": 1,
      "input_token_id": 15043,
      "rms": 19.506084,
      "first20": [
        1.2638451,
        2.9402108,
        0.3387696,
        0.12798911,
        -0.73413,
        0.76598465,
        -1.7544945,
        -0.1265758,
        -0.13251391,
        -0.2916354,
        -0.034801155,
        -54.06137,
        0.2944653,
        1.7958789,
        1.0120434,
        -0.6279604,
        1.3092786,
        -1.1839702,
        1.1063668,
        0.5330624
      ],
      "checksum": 3301197026192
    },
    {
      "layer_idx": 8,
      "operation": "layer_output",
      "position": 1,
      "input_token_id": 15043,
      "rms": 20.108337,
      "first20": [
        1.4608504,
        2.9468427,
        0.30825308,
        0.051518023,
        -1.2926483,
        0.8856558,
        -1.8071964,
        0.019061929,
        -0.012247615,
        -0.52168596,
        -0.35081244,
        -56.24541,
        0.4695859,
        1.8021861,
        1.155147,
        -0.8375178,
        1.0702735,
        -1.1580282,
        1.0504112,
        0.46995777
      ],
      "checksum": 3274131204310
    },
    {
      "layer_idx": 9,
      "operation": "layer_output",
      "position": 1,
      "input_token_id": 15043,
      "rms": 20.279428,
      "first20": [
        1.4392114,
        2.7735672,
        0.5491907,
        0.44980794,
        -1.0379133,
        0.6390079,
        -1.8029321,
        0.042802274,
        -0.1616232,
        -0.75872064,
        -0.32689798,
        -56.6257,
        0.47536427,
        1.8092089,
        1.0979702,
        -0.8027713,
        1.1436,
        -1.0296216,
        1.1535758,
        0.44435552
      ],
      "checksum": 3289095966658
    },
    {
      "layer_idx": 10,
      "operation": "layer_output",
      "position": 1,
      "input_token_id": 15043,
      "rms": 20.422878,
      "first20": [
        1.5533512,
        2.7564025,
        0.30325985,
        0.24777523,
        -1.0134882,
        0.5429646,
        -1.6870998,
        -0.014157027,
        -0.09759016,
        -0.7691537,
        -0.2509954,
        -56.758442,
        0.34552076,
        1.5703934,
        1.1016663,
        -0.842507,
        1.2347468,
        -0.99001086,
        1.2891674,
        0.47683966
      ],
      "checksum": 3295470618337
    },
    {
      "layer_idx": 11,
      "operation": "layer_output",
      "position": 1,
      "input_token_id": 15043,
      "rms": 20.66371,