{
  "seed_version": 1,
  "source_gguf": "D:/shimmy-test-models/gguf_collection\\qwen2-7b-instruct-q4_k_m.gguf",
  "generated_at": "2026-06-13T17:23:03.026160900+00:00",
  "model": {
    "name": "qwen2-7b-instruct",
    "gguf_filename": "qwen2-7b-instruct-q4_k_m.gguf",
    "arch": "qwen2",
    "quant": "q4_k_m",
    "n_layers": 28,
    "n_heads": 28,
    "n_heads_kv": 4,
    "head_dim": 128,
    "n_embd": 3584,
    "ff_dim": 18944,
    "n_vocab": 152064,
    "n_ctx": 32768,
    "rope_base": 1000000.0,
    "rope_scale": 1.0,
    "rope_dim": 128,
    "rms_eps": 1e-06,
    "has_qk_norm": false,
    "attn_logit_softcap": 0.0,
    "final_logit_softcap": 0.0,
    "gguf_path": "D:/shimmy-test-models/gguf_collection\\qwen2-7b-instruct-q4_k_m.gguf",
    "file_size_bytes": 4683071264
  },
  "oracles": [
    {
      "layer_idx": 0,
      "operation": "layer_output",
      "position": 1,
      "input_token_id": 15043,
      "rms": 0.3123118,
      "first20": [
        0.050498128,
        0.37362632,
        0.0127491355,
        -0.04701671,
        0.026482955,
        -0.2547219,
        0.4167864,
        0.09181468,
        0.31558022,
        -0.39760086,
        -0.14928865,
        -0.108315945,
        -0.32359976,
        0.3131599,
        0.040143084,
        0.32052648,
        -0.111860685,
        -0.04791145,
        0.39192852,
        0.57139134
      ],
      "checksum": 7588077305458
    },
    {
      "layer_idx": 1,
      "operation": "layer_output",
      "position": 1,
      "input_token_id": 15043,
      "rms": 0.7236443,
      "first20": [
        0.2833176,
        0.025378823,
        -0.25845817,
        -0.027838595,
        -0.010340491,
        -0.45103365,
        0.4725982,
        0.7947352,
        0.33819294,
        -0.52958345,
        0.3386367,
        0.15079755,
        -0.09245201,
        0.6615854,
        -0.56076443,
        0.5839932,
        0.20461985,
        -0.18926659,
        -0.11271042,
        1.5123078
      ],
      "checksum": 7635730198299
    },
    {
      "layer_idx": 2,
      "operation": "layer_output",
      "position": 1,
      "input_token_id": 15043,
      "rms": 0.43697125,
      "first20": [
        0.2870803,
        -0.16712882,
        -0.17969644,
        0.025696572,
        0.23336975,
        -0.74410856,
        0.49829465,
        0.67642164,
        0.13219285,
        -0.38880566,
        0.20354483,
        -0.07787722,
        -0.17112052,
        0.37605014,
        -0.36977315,
        0.24222569,
        0.008717887,
        -0.1161773,
        0.24585941,
        1.3635818
      ],
      "checksum": 7562975957795
    },
    {
      "layer_idx": 3,
      "operation": "layer_output",
      "position": 1,
      "input_token_id": 15043,
      "rms": 28.168526,
      "first20": [
        -0.7433495,
        1.1510117,
        -0.70124924,
        -0.07822707,
        -0.3198963,
        -1.4365346,
        -0.1860463,
        2.0628905,
        0.75703,
        -2.12957,
        0.93777275,
        -0.4807894,
        -3.3938677,
        -1.9759814,
        -0.70181394,
        -1.1692218,
        -0.2973921,
        0.55486226,
        1.9514918,
        3.144477
      ],
      "checksum": 7554028014242
    },
    {
      "layer_idx": 4,
      "operation": "layer_output",
      "position": 1,
      "input_token_id": 15043,
      "rms": 43.655903,
      "first20": [
        -2.1654806,
        2.213658,
        -1.476922,
        -3.985113,
        -0.37674004,
        -1.8886046,
        3.8924158,
        0.038874388,
        2.488118,
        -4.443399,
        4.4849215,
        -1.6061078,
        -3.8636484,
        -9.280767,
        -1.6771708,
        1.0332097,
        -4.0358925,
        5.292817,
        0.024990678,
        3.2901435
      ],
      "checksum": 7734582903774
    },
    {
      "layer_idx": 5,
      "operation": "layer_output",
      "position": 1,
      "input_token_id": 15043,
      "rms": 46.79753,
      "first20": [
        -2.6910257,
        1.7678168,
        -2.2253466,
        -4.954832,
        -0.1300967,
        -1.5431399,
        4.2745323,
        -0.11033839,
        2.0497007,
        -3.9282455,
        5.2226996,
        -1.7080843,
        -3.1324525,
        -9.33911,
        -0.80238867,
        1.9062839,
        -4.1551456,
        4.9906263,
        -1.0540999,
        3.3583407
      ],
      "checksum": 7735521082679
    },
    {
      "layer_idx": 6,
      "operation": "layer_output",
      "position": 1,
      "input_token_id": 15043,
      "rms": 48.74879,
      "first20": [
        -2.273941,
        1.9023545,
        -1.7991866,
        -5.587731,
        0.9431909,
        -1.2342647,
        4.4506392,
        0.30865294,
        2.4330616,
        -3.102443,
        5.480146,
        -1.5587549,
        -2.744848,
        -8.956595,
        0.5083957,
        2.5115712,
        -4.806634,
        5.5520554,
        -0.4682721,
        3.8363519
      ],
      "checksum": 7711894684609
    },
    {
      "layer_idx": 7,
      "operation": "layer_output",
      "position": 1,
      "input_token_id": 15043,
      "rms": 49.977745,
      "first20": [
        -1.7394763,
        1.5991108,
        -1.9852395,
        -5.099969,
        0.98030263,
        -1.3409294,
        4.388536,
        0.2867363,
        2.814046,
        -2.8483891,
        5.7717867,
        -1.8487519,
        -2.6226697,
        -8.911919,
        1.5519524,
        2.5793445,
        -5.170357,
        5.4366937,
        -0.23356141,
        4.5549345
      ],
      "checksum": 7733323942610
    },
    {
      "layer_idx": 8,
      "operation": "layer_output",
      "position": 1,
      "input_token_id": 15043,
      "rms": 50.722954,
      "first20": [
        -2.0009098,
        2.068318,
        -1.878278,
        -5.272257,
        0.93027174,
        -1.5383793,
        4.1979036,
        0.36955777,
        2.586392,
        -2.5207872,
        5.7321258,
        -1.7890751,
        -2.6582868,
        -8.616912,
        2.2454557,
        2.5592732,
        -4.8923306,
        5.1260605,
        -0.25634623,
        4.4956255
      ],
      "checksum": 7718435555303
    },
    {
      "layer_idx": 9,
      "operation": "layer_output",
      "position": 1,
      "input_token_id": 15043,
      "rms": 52.674244,
      "first20": [
        -2.0826511,
        1.8294747,
        -1.513099,
        -4.607992,
        1.0614189,
        -1.6711099,
        4.3800035,
        0.072720885,
        2.558945,
        -1.9539456,
        7.4937778,
        -1.640519,
        -2.0906677,
        -7.6850123,
        3.3005586,
        3.0487638,
        -4.9957757,
        4.5079203,
        -0.479146,
        5.2334933
      ],
      "checksum": 7741541876593
    },
    {
      "layer_idx": 10,
      "operation": "layer_output",
      "position": 1,
      "input_token_id": 15043,
      "rms": 53.148132,
      "first20": [
        -2.249168,
        1.8976107,
        -1.9950862,
        -4.5667953,
        0.9523745,
        -1.9058503,
        4.2385883,
        -0.00064202026,
        1.709229,
        -1.4238076,
        7.7264757,
        -1.6696477,
        -1.9737962,
        -7.453649,
        3.742478,
        3.1094222,
        -4.9686584,
        4.252571,
        -0.6933656,
        5.3236175
      ],
      "checksum": 7765093331958
    },
    {
      "layer_idx": 11,
      "operation": "layer_output",
      "position": 1,
      "input_token_id": 15043,
      "rms": 55.04266,