{
  "seed_version": 1,
  "source_gguf": "D:/shimmy-test-models/gguf_collection\\qwen2-0_5b-instruct-q4_k_m.gguf",
  "generated_at": "2026-06-13T17:22:14.201247800+00:00",
  "model": {
    "name": "qwen2-0_5b-instruct",
    "gguf_filename": "qwen2-0_5b-instruct-q4_k_m.gguf",
    "arch": "qwen2",
    "quant": "q4_k_m",
    "n_layers": 24,
    "n_heads": 14,
    "n_heads_kv": 2,
    "head_dim": 64,
    "n_embd": 896,
    "ff_dim": 4864,
    "n_vocab": 151936,
    "n_ctx": 32768,
    "rope_base": 1000000.0,
    "rope_scale": 1.0,
    "rope_dim": 64,
    "rms_eps": 1e-06,
    "has_qk_norm": false,
    "attn_logit_softcap": 0.0,
    "final_logit_softcap": 0.0,
    "gguf_path": "D:/shimmy-test-models/gguf_collection\\qwen2-0_5b-instruct-q4_k_m.gguf",
    "file_size_bytes": 397805248
  },
  "oracles": [
    {
      "layer_idx": 0,
      "operation": "layer_output",
      "position": 1,
      "input_token_id": 15043,
      "rms": 0.1597026,
      "first20": [
        0.016802043,
        -0.19109316,
        -0.06770543,
        0.07354589,
        0.10322957,
        0.03169979,
        0.057779685,
        0.3172746,
        -0.08005359,
        0.20789444,
        0.21640888,
        0.18832475,
        0.012792446,
        0.19352156,
        -0.084536925,
        0.08453737,
        -0.16422644,
        0.009553371,
        -0.109627254,
        0.03936892
      ],
      "checksum": 1875313643592
    },
    {
      "layer_idx": 1,
      "operation": "layer_output",
      "position": 1,
      "input_token_id": 15043,
      "rms": 0.3830066,
      "first20": [
        -0.4879,
        0.47135204,
        0.39738312,
        -0.44559163,
        0.11185527,
        0.5992387,
        0.25318456,
        0.32065418,
        -0.7491039,
        0.49718454,
        0.24839324,
        0.4933582,
        0.5267511,
        0.54657966,
        -0.6124216,
        0.06240841,
        -0.3264616,
        0.13604984,
        -0.3785198,
        -0.45106676
      ],
      "checksum": 1900471167061
    },
    {
      "layer_idx": 2,
      "operation": "layer_output",
      "position": 1,
      "input_token_id": 15043,
      "rms": 0.5029694,
      "first20": [
        -0.49702847,
        0.72909653,
        0.5116523,
        -0.29138058,
        0.5036958,
        0.73692393,
        0.31832334,
        0.40454245,
        -0.55823267,
        0.5978452,
        0.059535086,
        0.72233975,
        0.6504791,
        0.44613242,
        -0.8876599,
        0.30632323,
        -0.71427137,
        0.03216309,
        -0.36709064,
        -0.14506388
      ],
      "checksum": 1897593608188
    },
    {
      "layer_idx": 3,
      "operation": "layer_output",
      "position": 1,
      "input_token_id": 15043,
      "rms": 0.66226983,
      "first20": [
        -0.47167453,
        0.4451602,
        0.42619216,
        -0.11362015,
        0.12399715,
        0.19884327,
        -0.13024715,
        0.2210564,
        -1.0481037,
        0.82950616,
        0.054384694,
        1.0309339,
        0.52378064,
        0.55094683,
        -1.2585533,
        0.25814745,
        -0.40256903,
        0.3846299,
        -0.122888565,
        -0.31487933
      ],
      "checksum": 1893665322888
    },
    {
      "layer_idx": 4,
      "operation": "layer_output",
      "position": 1,
      "input_token_id": 15043,
      "rms": 0.7803019,
      "first20": [
        -0.26399434,
        0.41079837,
        -0.109140456,
        -0.3330551,
        0.35974717,
        -0.3818612,
        -0.070078105,
        0.3911481,
        -1.3258333,
        0.6849314,
        -0.73385334,
        0.47199214,
        0.069001555,
        0.67423487,
        -0.7928051,
        0.29541647,
        -0.59295344,
        0.22236195,
        -0.29096568,
        -0.42698082
      ],
      "checksum": 1867620707255
    },
    {
      "layer_idx": 5,
      "operation": "layer_output",
      "position": 1,
      "input_token_id": 15043,
      "rms": 0.7669359,
      "first20": [
        -0.8435049,
        0.0072105527,
        -0.34329563,
        -0.6319059,
        0.569471,
        0.21364634,
        0.11365193,
        0.39524037,
        -0.9158721,
        0.8226428,
        -0.6582866,
        0.15913282,
        -0.011755644,
        0.2846165,
        -0.42435533,
        0.02248916,
        0.19145817,
        0.16510545,
        -0.49558768,
        -0.20315911
      ],
      "checksum": 1910158063792
    },
    {
      "layer_idx": 6,
      "operation": "layer_output",
      "position": 1,
      "input_token_id": 15043,
      "rms": 0.8545188,
      "first20": [
        -0.947156,
        -0.35340974,
        -0.26196933,
        -0.69106287,
        0.3626929,
        0.23595929,
        -0.019214138,
        0.85971636,
        -1.1370732,
        0.9209752,
        -0.52564925,
        0.72398454,
        -0.21407348,
        0.4584082,
        -0.85889184,
        -0.19574383,
        0.30786955,
        0.21753938,
        -0.4119045,
        -0.5014347
      ],
      "checksum": 1927738567104
    },
    {
      "layer_idx": 7,
      "operation": "layer_output",
      "position": 1,
      "input_token_id": 15043,
      "rms": 0.840929,
      "first20": [
        -0.8811967,
        -0.5996165,
        -0.31177437,
        -0.59181815,
        0.08045611,
        0.17663717,
        -0.1794548,
        1.077196,
        -0.8413945,
        1.2045169,
        -0.9298754,
        0.25814885,
        -0.89991695,
        0.37816897,
        -0.76274323,
        -0.044162184,
        0.5776716,
        0.27325884,
        -0.15412024,
        -0.87100655
      ],
      "checksum": 1918784831102
    },
    {
      "layer_idx": 8,
      "operation": "layer_output",
      "position": 1,
      "input_token_id": 15043,
      "rms": 0.8386294,
      "first20": [
        -0.9227277,
        -0.4313967,
        -0.23801956,
        -0.4512417,
        0.048641488,
        0.29048103,
        0.083565354,
        0.82403016,
        -0.61839044,
        1.245609,
        -0.61772376,
        0.5711169,
        -1.0560738,
        0.5021653,
        -0.77145547,
        0.01672281,
        0.53121156,
        0.16839884,
        -0.4218259,
        -0.65174997
      ],
      "checksum": 1916485775307
    },
    {
      "layer_idx": 9,
      "operation": "layer_output",
      "position": 1,
      "input_token_id": 15043,
      "rms": 0.88771075,
      "first20": [
        -0.9414649,
        -0.2447428,
        -0.5581588,
        -0.29387063,
        -0.154575,
        0.24821767,
        0.31880024,
        0.5339972,
        -0.3930835,
        1.0722896,
        -1.2288879,
        0.5612572,
        -0.9130351,
        0.3892345,
        -1.6746219,
        0.46543613,
        0.41038063,
        -0.23512302,
        -0.44981498,
        -0.5405154
      ],
      "checksum": 1933509469135
    },
    {
      "layer_idx": 10,
      "operation": "layer_output",
      "position": 1,
      "input_token_id": 15043,
      "rms": 0.8208337,
      "first20": [
        -0.81104183,
        0.09857474,
        -0.47397825,
        -0.8548757,
        -0.13938746,
        0.0858186,
        -0.058968514,
        -0.3592271,
        0.063533545,
        0.96369284,
        -1.4092587,
        0.3834166,
        -0.82476205,
        0.2849506,
        -1.6378741,
        0.46542987,
        0.2928568,
        -0.46323854,
        -0.23595145,
        -0.45026296
      ],
      "checksum": 1922229600016
    },
    {
      "layer_idx": 11,
      "operation": "layer_output",
      "position": 1,
      "input_token_id": 15043,