{
  "seed_version": 1,
  "source_gguf": "D:/shimmy-test-models/gguf_collection\\Qwen3-1.7B-Q4_K_M.gguf",
  "generated_at": "2026-06-13T17:18:42.137844800+00:00",
  "model": {
    "name": "Qwen3 1.7B",
    "gguf_filename": "Qwen3-1.7B-Q4_K_M.gguf",
    "arch": "qwen3",
    "quant": "q4_k_m",
    "n_layers": 28,
    "n_heads": 16,
    "n_heads_kv": 8,
    "head_dim": 128,
    "n_embd": 2048,
    "ff_dim": 6144,
    "n_vocab": 151936,
    "n_ctx": 32768,
    "rope_base": 1000000.0,
    "rope_scale": 1.0,
    "rope_dim": 128,
    "rms_eps": 1e-06,
    "has_qk_norm": true,
    "attn_logit_softcap": 0.0,
    "final_logit_softcap": 0.0,
    "gguf_path": "D:/shimmy-test-models/gguf_collection\\Qwen3-1.7B-Q4_K_M.gguf",
    "file_size_bytes": 1282439328
  },
  "oracles": [
    {
      "layer_idx": 0,
      "operation": "layer_output",
      "position": 1,
      "input_token_id": 15043,
      "rms": 0.3770849,
      "first20": [
        -0.10596511,
        0.097948015,
        0.08077272,
        0.08860447,
        0.056406826,
        -0.07220271,
        -0.5403982,
        -0.23101988,
        0.03758421,
        -0.14518861,
        -0.2569382,
        0.1686688,
        -0.24318016,
        0.18909715,
        0.3143454,
        0.30213776,
        0.038502492,
        0.41520488,
        0.0968669,
        0.16573815
      ],
      "checksum": 4326215343476
    },
    {
      "layer_idx": 1,
      "operation": "layer_output",
      "position": 1,
      "input_token_id": 15043,
      "rms": 0.6198089,
      "first20": [
        0.104674324,
        0.18824121,
        0.31052652,
        -0.0897426,
        0.5892397,
        -0.22939149,
        -0.40726513,
        -0.09384249,
        0.28884405,
        0.06107317,
        -0.61014175,
        -0.18851295,
        0.20625539,
        -0.23294151,
        0.41193467,
        0.09314257,
        0.018095106,
        0.5395827,
        0.07980983,
        0.061511256
      ],
      "checksum": 4418866271616
    },
    {
      "layer_idx": 2,
      "operation": "layer_output",
      "position": 1,
      "input_token_id": 15043,
      "rms": 0.8233639,
      "first20": [
        0.17793947,
        0.13260488,
        -0.17954192,
        0.03868819,
        0.10663992,
        -0.8180848,
        -0.638041,
        -0.28145272,
        0.973964,
        -0.56232476,
        -0.8615409,
        -0.2370128,
        0.16739576,
        0.15193439,
        0.74866635,
        -0.1538442,
        -0.15612599,
        -0.71873546,
        0.7885587,
        -0.62771916
      ],
      "checksum": 4388289352039
    },
    {
      "layer_idx": 3,
      "operation": "layer_output",
      "position": 1,
      "input_token_id": 15043,
      "rms": 0.9226748,
      "first20": [
        -0.419747,
        0.34768856,
        -0.07626262,
        -0.06765158,
        -0.1748811,
        -0.48911873,
        -0.57085025,
        -0.7912899,
        0.7326932,
        -0.8220532,
        -0.66160804,
        0.719666,
        0.25182736,
        0.4585563,
        0.114417136,
        -0.40248758,
        0.4603321,
        -1.1488252,
        0.70350075,
        -1.0173804
      ],
      "checksum": 4433960770871
    },
    {
      "layer_idx": 4,
      "operation": "layer_output",
      "position": 1,
      "input_token_id": 15043,
      "rms": 1.0415694,
      "first20": [
        -0.18778075,
        0.3587983,
        0.40990108,
        -0.78950655,
        0.21074624,
        -0.02645272,
        -0.42126417,
        -0.3598041,
        0.51965475,
        -1.3730185,
        0.06105882,
        1.248116,
        0.44155666,
        0.16835584,
        0.43196952,
        0.04012388,
        1.1803029,
        -0.5213721,
        1.0136245,
        -0.21559119
      ],
      "checksum": 4404454020373
    },
    {
      "layer_idx": 5,
      "operation": "layer_output",
      "position": 1,
      "input_token_id": 15043,
      "rms": 1.22529,
      "first20": [
        -0.15657698,
        1.0155154,
        0.5898606,
        -0.82951754,
        0.13891603,
        0.017281264,
        0.27911162,
        -0.5717856,
        0.94714355,
        -1.8433162,
        0.5443733,
        1.1918435,
        0.6829046,
        0.7761375,
        0.1360131,
        -0.35557553,
        2.127518,
        -0.94442564,
        1.117208,
        -0.8812532
      ],
      "checksum": 4400770786146
    },
    {
      "layer_idx": 6,
      "operation": "layer_output",
      "position": 1,
      "input_token_id": 15043,
      "rms": 1.3113824,
      "first20": [
        0.69637746,
        1.4403586,
        0.017964005,
        -0.06822091,
        0.38090986,
        -0.04916157,
        -0.48140362,
        -0.0943982,
        1.7389827,
        -2.2404146,
        -0.6628623,
        1.2581921,
        0.37201926,
        1.4246774,
        0.086325854,
        -0.81318104,
        3.0143433,
        -0.66535133,
        2.114036,
        -0.31687677
      ],
      "checksum": 4336790561174
    },
    {
      "layer_idx": 7,
      "operation": "layer_output",
      "position": 1,
      "input_token_id": 15043,
      "rms": 1.5850122,
      "first20": [
        -0.16358608,
        1.2766981,
        0.20710063,
        -0.16695297,
        0.3173818,
        -0.6282714,
        -1.5577732,
        0.3989604,
        1.2151371,
        -1.7730939,
        -0.20765764,
        0.5146218,
        0.51392233,
        1.1719663,
        -0.6733231,
        -1.0441594,
        2.9128652,
        -0.6593249,
        2.7166545,
        -0.2453576
      ],
      "checksum": 4291695146093
    },
    {
      "layer_idx": 8,
      "operation": "layer_output",
      "position": 1,
      "input_token_id": 15043,
      "rms": 1.8066837,
      "first20": [
        0.63707685,
        0.8930944,
        1.0122137,
        0.11962733,
        -0.27133757,
        -0.6664216,
        -1.557126,
        0.24423923,
        0.9680348,
        -2.0035539,
        0.18670726,
        -0.4602821,
        0.45252928,
        0.35781574,
        -1.8719192,
        -0.7741133,
        2.552181,
        -0.8057138,
        2.9950845,
        0.40705454
      ],
      "checksum": 4352567239335
    },
    {
      "layer_idx": 9,
      "operation": "layer_output",
      "position": 1,
      "input_token_id": 15043,
      "rms": 2.108132,
      "first20": [
        0.93079746,
        0.6335479,
        1.9756073,
        -0.6012715,
        0.7912495,
        -0.9886115,
        -1.4678541,
        -0.04274562,
        1.0720903,
        -2.2760136,
        0.46969557,
        -0.29020447,
        0.9025807,
        -0.13432115,
        -1.7698908,
        -0.9693254,
        2.1430857,
        -1.1807511,
        1.4165643,
        0.59365094
      ],
      "checksum": 4327229763327
    },
    {
      "layer_idx": 10,
      "operation": "layer_output",
      "position": 1,
      "input_token_id": 15043,
      "rms": 2.5925283,
      "first20": [
        1.8526198,
        0.76770425,
        1.5286857,
        -0.829155,
        2.221324,
        -0.69956666,
        -0.6719256,
        -0.722823,
        1.3111595,
        -2.1092017,
        1.0653994,
        -0.37148687,
        1.0326318,
        -0.70946926,
        -1.5958095,
        -0.27949628,
        1.5212762,
        -1.0728623,
        4.121409,
        -0.0679082
      ],
      "checksum": 4322777468316
    },
    {
      "layer_idx": 11,
      "operation": "layer_output",
      "position": 1,
      "input_token_id": 15043,
      "rms": 3.150502,