{
  "seed_version": 1,
  "source_gguf": "D:/shimmy-test-models/gguf_collection\\tinyllama-1.1b-chat-v1.0.Q6_K.gguf",
  "generated_at": "2026-06-13T17:23:18.006898200+00:00",
  "model": {
    "name": "tinyllama-1.1b-chat-v1.0",
    "gguf_filename": "tinyllama-1.1b-chat-v1.0.Q6_K.gguf",
    "arch": "llama",
    "quant": "q6_k",
    "n_layers": 22,
    "n_heads": 32,
    "n_heads_kv": 4,
    "head_dim": 64,
    "n_embd": 2048,
    "ff_dim": 5632,
    "n_vocab": 32000,
    "n_ctx": 2048,
    "rope_base": 10000.0,
    "rope_scale": 1.0,
    "rope_dim": 64,
    "rms_eps": 1e-05,
    "has_qk_norm": false,
    "attn_logit_softcap": 0.0,
    "final_logit_softcap": 0.0,
    "gguf_path": "D:/shimmy-test-models/gguf_collection\\tinyllama-1.1b-chat-v1.0.Q6_K.gguf",
    "file_size_bytes": 904385920
  },
  "oracles": [
    {
      "layer_idx": 0,
      "operation": "layer_output",
      "position": 1,
      "input_token_id": 15043,
      "rms": 0.024544373,
      "first20": [
        -0.017388877,
        0.010987046,
        -0.0073213335,
        0.03569504,
        0.010008318,
        0.025434924,
        -0.01601716,
        -0.0066173584,
        -0.019321252,
        0.012210717,
        -0.03342451,
        -0.008644771,
        -0.041016906,
        0.034838106,
        0.00833831,
        0.03201244,
        -0.011746708,
        -0.0028693557,
        0.000326987,
        0.0022934908
      ],
      "checksum": 4260824501475
    },
    {
      "layer_idx": 1,
      "operation": "layer_output",
      "position": 1,
      "input_token_id": 15043,
      "rms": 0.027948203,
      "first20": [
        -0.010322796,
        0.023267342,
        0.002809599,
        -0.04924871,
        0.04205228,
        0.006005041,
        -0.025832437,
        -0.014738454,
        -0.02132577,
        0.009312963,
        -0.03625831,
        0.000304266,
        -0.021209937,
        0.048314087,
        0.015252,
        0.028277922,
        -0.02325599,
        -0.005504107,
        0.001038206,
        0.0057515083
      ],
      "checksum": 4251574686404
    },
    {
      "layer_idx": 2,
      "operation": "layer_output",
      "position": 1,
      "input_token_id": 15043,
      "rms": 0.031247959,
      "first20": [
        -0.021308823,
        0.025924515,
        -0.0009915261,
        -0.0066785123,
        0.056391846,
        -0.01236268,
        -0.030751228,
        -0.013004376,
        -0.033108134,
        0.0031870585,
        -0.03162571,
        -0.030779762,
        -0.029616129,
        0.054085545,
        0.018751277,
        0.034193613,
        -0.03148324,
        0.0097106425,
        0.0022406904,
        -0.013121102
      ],
      "checksum": 4249930867087
    },
    {
      "layer_idx": 3,
      "operation": "layer_output",
      "position": 1,
      "input_token_id": 15043,
      "rms": 0.04385086,
      "first20": [
        -0.038382515,
        0.053564638,
        0.014368387,
        -0.019385967,
        0.07313954,
        -0.01156954,
        -0.044287086,
        -0.011418621,
        -0.006266251,
        0.017681757,
        -0.035746735,
        -0.033584118,
        -0.08115343,
        0.01536718,
        0.03607604,
        0.054696597,
        -0.015308554,
        0.015007183,
        0.024693191,
        -0.014532123
      ],
      "checksum": 4312698652107
    },
    {
      "layer_idx": 4,
      "operation": "layer_output",
      "position": 1,
      "input_token_id": 15043,
      "rms": 0.05396793,
      "first20": [
        -0.03673808,
        0.07792118,
        0.010952417,
        0.02475713,
        0.0873285,
        -0.02992827,
        -0.046637684,
        -0.012476805,
        -0.019882917,
        0.026859514,
        -0.03433247,
        -0.008647166,
        -0.098388,
        0.022361672,
        0.04109048,
        0.057132713,
        -0.042146165,
        0.03715221,
        0.08177659,
        -0.043476723
      ],
      "checksum": 4269525540259
    },
    {
      "layer_idx": 5,
      "operation": "layer_output",
      "position": 1,
      "input_token_id": 15043,
      "rms": 0.062134862,
      "first20": [
        -0.05033768,
        0.09902507,
        0.007928109,
        0.047752485,
        0.06866039,
        0.012028029,
        -0.02071767,
        -0.04278904,
        0.010025596,
        0.043607198,
        -0.014766909,
        -0.008748085,
        -0.0856907,
        -0.0136269005,
        0.034464613,
        0.04334399,
        -0.07775727,
        0.059470322,
        0.10476722,
        -0.037392423
      ],
      "checksum": 4300660603327
    },
    {
      "layer_idx": 6,
      "operation": "layer_output",
      "position": 1,
      "input_token_id": 15043,
      "rms": 0.069852896,
      "first20": [
        -0.06366543,
        0.09410474,
        0.039645117,
        0.054205537,
        0.07263973,
        0.02490172,
        0.014095105,
        -0.06301516,
        -0.010097421,
        0.015240971,
        -0.0071672653,
        0.02226783,
        -0.13084176,
        -0.005997806,
        0.0318533,
        0.045654677,
        -0.087240934,
        0.042503327,
        0.12021784,
        -0.014529588
      ],
      "checksum": 4336525438444
    },
    {
      "layer_idx": 7,
      "operation": "layer_output",
      "position": 1,
      "input_token_id": 15043,
      "rms": 0.08463198,
      "first20": [
        -0.13011909,
        0.109507084,
        0.039060492,
        0.07125241,
        0.09754774,
        0.0459029,
        -0.009487647,
        -0.07610743,
        -0.014821011,
        0.050646357,
        0.02934431,
        -0.0018008314,
        -0.14708242,
        -0.020075375,
        0.05465529,
        -0.004109986,
        -0.1472145,
        -0.0029459689,
        0.10914704,
        -0.04136286
      ],
      "checksum": 4301941289098
    },
    {
      "layer_idx": 8,
      "operation": "layer_output",
      "position": 1,
      "input_token_id": 15043,
      "rms": 0.098297656,
      "first20": [
        -0.1147593,
        0.105651334,
        0.004318878,
        0.0843718,
        0.09529793,
        0.056457147,
        0.0071383324,
        -0.13951309,
        0.04281424,
        0.034113027,
        0.054317266,
        -0.015245041,
        -0.14184925,
        -0.028251763,
        -0.023288287,
        -0.034054358,
        -0.117054634,
        -0.008341533,
        0.18583691,
        0.039787672
      ],
      "checksum": 4332087918379
    },
    {
      "layer_idx": 9,
      "operation": "layer_output",
      "position": 1,
      "input_token_id": 15043,
      "rms": 0.10644815,
      "first20": [
        -0.10906764,
        0.12692791,
        0.0017671625,
        0.023848116,
        0.07314176,
        0.07202248,
        -0.057632893,
        -0.11402908,
        0.0027777478,
        0.009953292,
        0.07296691,
        -0.071387544,
        -0.15640041,
        -0.108263426,
        -0.033878826,
        -0.005941827,
        -0.04072625,
        0.034720644,
        0.1561575,
        0.017257541
      ],
      "checksum": 4344237880623
    },
    {
      "layer_idx": 10,
      "operation": "layer_output",
      "position": 1,
      "input_token_id": 15043,
      "rms": 0.11594793,